﻿<?xml version="1.0"?>
<doc>
<assembly>
<name>
PGEETools
</name>
</assembly>
<members>
<member name="P:PGEETools.My.Resources.Resources.ResourceManager">
	<summary>
  Returns the cached ResourceManager instance used by this class.
</summary>
</member><member name="P:PGEETools.My.Resources.Resources.Culture">
	<summary>
  Overrides the current thread's CurrentUICulture property for all
  resource lookups using this strongly typed resource class.
</summary>
</member><member name="P:PGEETools.My.Resources.Resources.BV1">
	<summary>
  Looks up a localized resource of type System.Drawing.Bitmap.
</summary>
</member><member name="P:PGEETools.My.Resources.Resources.BV1_blanc">
	<summary>
  Looks up a localized resource of type System.Drawing.Bitmap.
</summary>
</member><member name="P:PGEETools.My.Resources.Resources.Regard">
	<summary>
  Looks up a localized resource of type System.Drawing.Bitmap.
</summary>
</member><member name="P:PGEETools.My.Resources.Resources.Regard_blanc">
	<summary>
  Looks up a localized resource of type System.Drawing.Bitmap.
</summary>
</member><member name="P:PGEETools.My.Resources.Resources.Tuyau2_Kin">
	<summary>
  Looks up a localized resource of type System.Drawing.Bitmap.
</summary>
</member><member name="P:PGEETools.My.Resources.Resources.Tuyau2_Kin_blanc">
	<summary>
  Looks up a localized resource of type System.Drawing.Bitmap.
</summary>
</member><member name="T:PGEETools.My.Resources.Resources">
	<summary>
  A strongly-typed resource class, for looking up localized strings, etc.
</summary>
</member>
</members>
</doc>