﻿<?xml version="1.0"?>
<doc>
<assembly>
<name>
RS2008_Application
</name>
</assembly>
<members>
<member name="M:RS2008_Application.RS2008.checkValidity">
	<summary>
 Checks validity for Now compared to the limit date
 </summary>
</member><member name="M:RS2008_Application.RS2008.writeDLL(System.String)">
	<summary>
 Creates a disguised dll with the limit date for this exe
 </summary>
	<param name="stringDate">
 The limit date, formated as yyyyMMdd
 </param>
</member><member name="P:RS2008_Application.My.Resources.Resources.ResourceManager">
	<summary>
  Returns the cached ResourceManager instance used by this class.
</summary>
</member><member name="P:RS2008_Application.My.Resources.Resources.Culture">
	<summary>
  Overrides the current thread's CurrentUICulture property for all
  resource lookups using this strongly typed resource class.
</summary>
</member><member name="P:RS2008_Application.My.Resources.Resources._New">
	<summary>
  Looks up a localized resource of type System.Drawing.Bitmap.
</summary>
</member><member name="P:RS2008_Application.My.Resources.Resources.Access">
	<summary>
  Looks up a localized resource of type System.Drawing.Bitmap.
</summary>
</member><member name="P:RS2008_Application.My.Resources.Resources.Back">
	<summary>
  Looks up a localized resource of type System.Drawing.Bitmap.
</summary>
</member><member name="P:RS2008_Application.My.Resources.Resources.Capteur">
	<summary>
  Looks up a localized resource of type System.Drawing.Bitmap.
</summary>
</member><member name="P:RS2008_Application.My.Resources.Resources.Capteur2">
	<summary>
  Looks up a localized resource of type System.Drawing.Bitmap.
</summary>
</member><member name="P:RS2008_Application.My.Resources.Resources.Clock">
	<summary>
  Looks up a localized resource of type System.Drawing.Bitmap.
</summary>
</member><member name="P:RS2008_Application.My.Resources.Resources.Clock_1_">
	<summary>
  Looks up a localized resource of type System.Drawing.Bitmap.
</summary>
</member><member name="P:RS2008_Application.My.Resources.Resources.Copy">
	<summary>
  Looks up a localized resource of type System.Drawing.Bitmap.
</summary>
</member><member name="P:RS2008_Application.My.Resources.Resources.Delete">
	<summary>
  Looks up a localized resource of type System.Drawing.Bitmap.
</summary>
</member><member name="P:RS2008_Application.My.Resources.Resources.Deversoir">
	<summary>
  Looks up a localized resource of type System.Drawing.Bitmap.
</summary>
</member><member name="P:RS2008_Application.My.Resources.Resources.Deversoir2">
	<summary>
  Looks up a localized resource of type System.Drawing.Bitmap.
</summary>
</member><member name="P:RS2008_Application.My.Resources.Resources.EditAsObject">
	<summary>
  Looks up a localized resource of type System.Drawing.Bitmap.
</summary>
</member><member name="P:RS2008_Application.My.Resources.Resources.edric">
	<summary>
  Looks up a localized resource of type System.Drawing.Bitmap.
</summary>
</member><member name="P:RS2008_Application.My.Resources.Resources.Evaporation">
	<summary>
  Looks up a localized resource of type System.Drawing.Bitmap.
</summary>
</member><member name="P:RS2008_Application.My.Resources.Resources.Fleche">
	<summary>
  Looks up a localized resource of type System.Drawing.Bitmap.
</summary>
</member><member name="P:RS2008_Application.My.Resources.Resources.Glacier">
	<summary>
  Looks up a localized resource of type System.Drawing.Bitmap.
</summary>
</member><member name="P:RS2008_Application.My.Resources.Resources.GroupInterface">
	<summary>
  Looks up a localized resource of type System.Drawing.Bitmap.
</summary>
</member><member name="P:RS2008_Application.My.Resources.Resources.GroupInterfaceAval">
	<summary>
  Looks up a localized resource of type System.Drawing.Bitmap.
</summary>
</member><member name="P:RS2008_Application.My.Resources.Resources.hydrocosmos">
	<summary>
  Looks up a localized resource of type System.Drawing.Bitmap.
</summary>
</member><member name="P:RS2008_Application.My.Resources.Resources.hydrocosmos1">
	<summary>
  Looks up a localized resource of type System.Drawing.Bitmap.
</summary>
</member><member name="P:RS2008_Application.My.Resources.Resources.hydrocosmos2">
	<summary>
  Looks up a localized resource of type System.Drawing.Bitmap.
</summary>
</member><member name="P:RS2008_Application.My.Resources.Resources.Jonction">
	<summary>
  Looks up a localized resource of type System.Drawing.Bitmap.
</summary>
</member><member name="P:RS2008_Application.My.Resources.Resources.Jonction2">
	<summary>
  Looks up a localized resource of type System.Drawing.Bitmap.
</summary>
</member><member name="P:RS2008_Application.My.Resources.Resources.logo">
	<summary>
  Looks up a localized resource of type System.Drawing.Bitmap.
</summary>
</member><member name="P:RS2008_Application.My.Resources.Resources.logo_e_dric">
	<summary>
  Looks up a localized resource of type System.Drawing.Bitmap.
</summary>
</member><member name="P:RS2008_Application.My.Resources.Resources.logo_e_dric_V02">
	<summary>
  Looks up a localized resource of type System.Drawing.Bitmap.
</summary>
</member><member name="P:RS2008_Application.My.Resources.Resources.logo_intro">
	<summary>
  Looks up a localized resource of type System.Drawing.Bitmap.
</summary>
</member><member name="P:RS2008_Application.My.Resources.Resources.Modele">
	<summary>
  Looks up a localized resource of type System.Drawing.Bitmap.
</summary>
</member><member name="P:RS2008_Application.My.Resources.Resources.Open">
	<summary>
  Looks up a localized resource of type System.Drawing.Bitmap.
</summary>
</member><member name="P:RS2008_Application.My.Resources.Resources.Open2">
	<summary>
  Looks up a localized resource of type System.Drawing.Bitmap.
</summary>
</member><member name="P:RS2008_Application.My.Resources.Resources.Paste">
	<summary>
  Looks up a localized resource of type System.Drawing.Bitmap.
</summary>
</member><member name="P:RS2008_Application.My.Resources.Resources.Pluie">
	<summary>
  Looks up a localized resource of type System.Drawing.Bitmap.
</summary>
</member><member name="P:RS2008_Application.My.Resources.Resources.Pluie2">
	<summary>
  Looks up a localized resource of type System.Drawing.Bitmap.
</summary>
</member><member name="P:RS2008_Application.My.Resources.Resources.PluieNeige">
	<summary>
  Looks up a localized resource of type System.Drawing.Bitmap.
</summary>
</member><member name="P:RS2008_Application.My.Resources.Resources.Pompe">
	<summary>
  Looks up a localized resource of type System.Drawing.Bitmap.
</summary>
</member><member name="P:RS2008_Application.My.Resources.Resources.Properties">
	<summary>
  Looks up a localized resource of type System.Drawing.Bitmap.
</summary>
</member><member name="P:RS2008_Application.My.Resources.Resources.Reach">
	<summary>
  Looks up a localized resource of type System.Drawing.Bitmap.
</summary>
</member><member name="P:RS2008_Application.My.Resources.Resources.ReachKinematic">
	<summary>
  Looks up a localized resource of type System.Drawing.Bitmap.
</summary>
</member><member name="P:RS2008_Application.My.Resources.Resources.ReachMuskin">
	<summary>
  Looks up a localized resource of type System.Drawing.Bitmap.
</summary>
</member><member name="P:RS2008_Application.My.Resources.Resources.Rechercher">
	<summary>
  Looks up a localized resource of type System.Drawing.Bitmap.
</summary>
</member><member name="P:RS2008_Application.My.Resources.Resources.Regard">
	<summary>
  Looks up a localized resource of type System.Drawing.Bitmap.
</summary>
</member><member name="P:RS2008_Application.My.Resources.Resources.Regulation">
	<summary>
  Looks up a localized resource of type System.Drawing.Bitmap.
</summary>
</member><member name="P:RS2008_Application.My.Resources.Resources.Reservoir">
	<summary>
  Looks up a localized resource of type System.Drawing.Bitmap.
</summary>
</member><member name="P:RS2008_Application.My.Resources.Resources.Reservoir2">
	<summary>
  Looks up a localized resource of type System.Drawing.Bitmap.
</summary>
</member><member name="P:RS2008_Application.My.Resources.Resources.Save">
	<summary>
  Looks up a localized resource of type System.Drawing.Bitmap.
</summary>
</member><member name="P:RS2008_Application.My.Resources.Resources.SaveAs">
	<summary>
  Looks up a localized resource of type System.Drawing.Bitmap.
</summary>
</member><member name="P:RS2008_Application.My.Resources.Resources.SaveSub">
	<summary>
  Looks up a localized resource of type System.Drawing.Bitmap.
</summary>
</member><member name="P:RS2008_Application.My.Resources.Resources.Source">
	<summary>
  Looks up a localized resource of type System.Drawing.Bitmap.
</summary>
</member><member name="P:RS2008_Application.My.Resources.Resources.Source3">
	<summary>
  Looks up a localized resource of type System.Drawing.Bitmap.
</summary>
</member><member name="P:RS2008_Application.My.Resources.Resources.Split">
	<summary>
  Looks up a localized resource of type System.Drawing.Bitmap.
</summary>
</member><member name="P:RS2008_Application.My.Resources.Resources.Split2">
	<summary>
  Looks up a localized resource of type System.Drawing.Bitmap.
</summary>
</member><member name="P:RS2008_Application.My.Resources.Resources.State">
	<summary>
  Looks up a localized resource of type System.Drawing.Bitmap.
</summary>
</member><member name="P:RS2008_Application.My.Resources.Resources.SubModel">
	<summary>
  Looks up a localized resource of type System.Drawing.Bitmap.
</summary>
</member><member name="P:RS2008_Application.My.Resources.Resources.Sum">
	<summary>
  Looks up a localized resource of type System.Drawing.Bitmap.
</summary>
</member><member name="P:RS2008_Application.My.Resources.Resources.Swmm">
	<summary>
  Looks up a localized resource of type System.Drawing.Bitmap.
</summary>
</member><member name="P:RS2008_Application.My.Resources.Resources.TimeSerie">
	<summary>
  Looks up a localized resource of type System.Drawing.Bitmap.
</summary>
</member><member name="P:RS2008_Application.My.Resources.Resources.TimeSerie2">
	<summary>
  Looks up a localized resource of type System.Drawing.Bitmap.
</summary>
</member><member name="P:RS2008_Application.My.Resources.Resources.Transition">
	<summary>
  Looks up a localized resource of type System.Drawing.Bitmap.
</summary>
</member><member name="P:RS2008_Application.My.Resources.Resources.Tuyau">
	<summary>
  Looks up a localized resource of type System.Drawing.Bitmap.
</summary>
</member><member name="P:RS2008_Application.My.Resources.Resources.Up">
	<summary>
  Looks up a localized resource of type System.Drawing.Bitmap.
</summary>
</member><member name="P:RS2008_Application.My.Resources.Resources.ZoomExtend">
	<summary>
  Looks up a localized resource of type System.Drawing.Bitmap.
</summary>
</member><member name="T:RS2008_Application.My.Resources.Resources">
	<summary>
  A strongly-typed resource class, for looking up localized strings, etc.
</summary>
</member>
</members>
</doc>